{
  "C1CC([NH2+]Cc2cncn2C2CC2)CCN1C(C)=O": [
    1,
    0.10533607751131058
  ],
  "c1(Cl)ccc(F)c(NC(=O)C(N[C@H](Cn2c[nH+]cc2)C)=O)c1": [
    1,
    0.10533607751131058
  ],
  "n1cccc(-c2cccc(C([O-])=O)c2)c1": [
    1,
    0.10533607751131058
  ],
  "C1[NH2+]CCN([C@@H]2CCCC=C2)C1": [
    1,
    0.10533607751131058
  ],
  "C1C(CNC(=O)N2CCOC(C)(C)C2)CCN(c2cc[nH+]cc2)C1": [
    1,
    0.10533607751131058
  ],
  "S(C1=[NH+]CCN1)CC(=O)Nc1ccc(Cl)c(Cl)c1": [
    1,
    0.10533607751131058
  ],
  "c1cc(Cl)c(Cl)cc1NS(c1ccc(C([O-])=O)cc1)(=O)=O": [
    1,
    0.10533607751131058
  ],
  "O1CCN(C(=O)C)CC1": [
    1,
    0.10533607751131058
  ],
  "C1CCCN1CC(=O)[O-]": [
    1,
    0.19675537943840027
  ],
  "N(c1c(C)ccc(Cl)c1)C(=O)CSC1=[NH+]CCN1": [
    1,
    0.10533607751131058
  ],
  "C1CN(C(=O)C)CCN1C(=O)NC[C@H]1[NH+](Cc2ccccc2)C[C@@H](O)C1": [
    1,
    0.10533607751131058
  ],
  "C1N(CC([O-])=O)CCC1": [
    2,
    0.19675537943840027
  ],
  "C1CC(CNC(=O)N(C)CC[NH3+])CCN1c1cc[nH+]cc1": [
    1,
    0.10533607751131058
  ],
  "C1CN2CCC[C@@H]2C1": [
    2,
    0.5689449310302734
  ],
  "C1CCN(CC([O-])=O)C1": [
    1,
    0.19675537943840027
  ],
  "N1(CC(=O)[O-])CCOCC1": [
    2,
    0.15134508907794952
  ],
  "C1CN(c2cc(F)c(C([O-])=O)cc2)CCS1": [
    1,
    0.12210626900196075
  ],
  "C1CN([C@H](C(=O)[O-])c2ccsc2)CCO1": [
    1,
    0.12849457561969757
  ],
  "C1CN2C[C@H](C)C[C@@H]2C1": [
    1,
    0.6372947692871094
  ],
  "[C@@H]12C[C@@H](C)CN1CCC2": [
    1,
    0.597734808921814
  ],
  "C(C)[C@@H]1C[C@H]2N(C1)CCC2": [
    1,
    0.46890342235565186
  ],
  "C1CN(CC(=O)[O-])CC1": [
    2,
    0.0
  ],
  "C1CN(c2cc(F)c(C(=O)[O-])cc2)CCS1": [
    1,
    0.12210626900196075
  ],
  "[C@@H]1(C)C[C@@H]2CCCN2C1": [
    1,
    0.0
  ],
  "[C@@H]1(C(=O)[O-])C[C@H]2CCCN2CC1": [
    1,
    0.36076316237449646
  ],
  "C1[C@@H]2C[C@@H](C([O-])=O)CN2CC1": [
    1,
    0.15134508907794952
  ],
  "C1CN2[C@H](C[C@H](C([O-])=O)CC2)C1": [
    1,
    0.48587581515312195
  ],
  "C1CCN2[C@H]1C[C@@H](C([O-])=O)CC2": [
    1,
    0.36076316237449646
  ],
  "C1CC2N(CCC2)C1": [
    1,
    0.5689449310302734
  ],
  "C1N(CC(=O)[O-])CCOC1": [
    2,
    0.15134508907794952
  ],
  "C1N2CCCC2CCCC1": [
    1,
    0.49445033073425293
  ],
  "[C@H]1(C([O-])=O)C[C@H]2N(CC1)CCC2": [
    2,
    0.0
  ],
  "O1CCN(CC(=O)[O-])CC1": [
    1,
    0.15134508907794952
  ],
  "C1N(CC(=O)[O-])CCC1": [
    1,
    0.19675537943840027
  ],
  "CC(=O)[C@H]1C[C@@H]2N(C1)CCC2": [
    1,
    0.3395470380783081
  ],
  "N12C(CCC1)CCCC2": [
    1,
    0.7071067690849304
  ],
  "C(c1n(Cc2c(Cl)cccc2)cnc1)[NH2+]C": [
    1,
    0.10533607751131058
  ],
  "C1CCN2CCC[C@@H]2C1": [
    1,
    0.505242109298706
  ],
  "C1CN2CCC[C@H]2C[C@@H]1C([O-])=O": [
    1,
    0.48587581515312195
  ],
  "C12CCCN1CCCCC2": [
    1,
    0.49445033073425293
  ],
  "[C@H]12N(CC[C@@H](C([O-])=O)C1)CCC2": [
    1,
    0.17508120834827423
  ],
  "C1CCCC2CCCN2C1": [
    1,
    0.49445033073425293
  ],
  "N12CC[C@H](C([O-])=O)C[C@H]1CCC2": [
    1,
    0.36076316237449646
  ],
  "C1CC2N(C1)CCC2": [
    1,
    0.0
  ],
  "O=C([O-])CN1CCCC1": [
    1,
    0.19675537943840027
  ],
  "C1[C@@H]2CCCN2CC[C@H]1C([O-])=O": [
    1,
    0.48587581515312195
  ],
  "O=C([O-])[C@@H](c1c(F)cc(F)cc1)N1CCOCC1": [
    1,
    0.10533607751131058
  ],
  "C1CN2CCC[C@@H]2C[C@H]1C([O-])=O": [
    1,
    0.36076316237449646
  ],
  "C1CC(C)(C)[C@H](NS(=O)(c2ccc(C(=O)[O-])cc2)=O)C1": [
    1,
    0.10533607751131058
  ],
  "C1C2N(CCC2)CCC1": [
    1,
    0.7071067690849304
  ],
  "C12N(CCCCC1)CCC2": [
    1,
    0.49445033073425293
  ],
  "C1CC2CCCN2CC1": [
    1,
    0.7071067690849304
  ],
  "O=C([O-])CN1CCOCC1": [
    1,
    0.15134508907794952
  ],
  "C1N2CCCC2CC1": [
    1,
    0.0
  ],
  "C1CCN2CCCCC2C1": [
    1,
    0.42368006706237793
  ],
  "C([C@@H]1C[C@H]2N(CC1)CCC2)([O-])=O": [
    1,
    0.1683664470911026
  ],
  "C1CCCC2CCCCN2C1": [
    2,
    0.341279536485672
  ],
  "C1CCC2CCCN2CC1": [
    1,
    0.49445033073425293
  ],
  "[C@H]12CC[C@@H](C([O-])=O)CCN1CCC2": [
    1,
    0.16098961234092712
  ],
  "C1CCCC2N1CCCCC2": [
    1,
    0.341279536485672
  ],
  "C12N(CCCC1)CCC2": [
    1,
    0.7071067690849304
  ],
  "N12CCCC1CCCCC2": [
    1,
    0.49445033073425293
  ],
  "C1C[C@@H]2N(CC[C@@H](C(=O)[O-])C2)C1": [
    1,
    0.0
  ],
  "C1C2CCCN2CCC1": [
    1,
    0.7071067690849304
  ],
  "N12C(CCCCC1)CCC2": [
    1,
    0.49445033073425293
  ],
  "C1SCCN(c2ccccc2C(=O)[O-])C1": [
    1,
    0.12995748221874237
  ],
  "C1CCC2N(CCC2)C1": [
    1,
    0.7071067690849304
  ],
  "C1N2CCC[C@@H]2C[C@@H](C(=O)[O-])C1": [
    1,
    0.36076316237449646
  ],
  "C12CCCN1CCC2": [
    1,
    0.0
  ],
  "C12N(CCC1)CCCCC2": [
    1,
    0.49445033073425293
  ],
  "C1CCC[C@@H]2CCCN12": [
    1,
    0.0
  ],
  "[C@@H]12CCCN1CC[C@H](C(=O)[O-])C2": [
    1,
    0.0
  ],
  "CC(=O)[C@@H]1CCN2[C@@H](CCC2)C1": [
    1,
    0.2613021433353424
  ],
  "C1N2C(CCCCC2)CC1": [
    1,
    0.0
  ],
  "N12CCCC1CCCC2": [
    1,
    0.7071067690849304
  ],
  "C1CN2CCCC2CC1": [
    1,
    0.7071067690849304
  ],
  "C1C(C)(C)CCC[C@@H]1N1CCSCC1": [
    1,
    0.14714542031288147
  ],
  "C1CC2N(CC1)CCCC2": [
    1,
    0.42368006706237793
  ],
  "C1CN2CCCC2CCCC1": [
    1,
    0.4816098213195801
  ],
  "C1N2C(CCC2)CCCC1": [
    1,
    0.0
  ],
  "C1C2CCCCCN2CC1": [
    1,
    0.0
  ],
  "C1CCC2N(CCCC2)C1": [
    1,
    0.42368006706237793
  ],
  "N1(c2ccc(C([O-])=O)c(F)c2)CCSCC1": [
    1,
    0.12210626900196075
  ],
  "C1CC2N(CCCC2)C1": [
    1,
    0.0
  ],
  "C1CN2[C@@H](CCC2)CC[C@H]1C(=O)[O-]": [
    1,
    0.16098961234092712
  ],
  "C1CC2N(CCC2)CCC1": [
    1,
    0.0
  ],
  "[C@H]1(C([O-])=O)C[C@@H]2CCCN2CC1": [
    1,
    0.0
  ],
  "N12CC[C@@H](C(=O)C)C[C@@H]1CCC2": [
    1,
    0.0
  ],
  "C1CN2[C@@H](CCCCC1)CCCC2": [
    1,
    0.3078756034374237
  ],
  "N12C(CCCCCC1)CCC2": [
    1,
    0.4816098213195801
  ],
  "C1C[C@H]2CCCCN2CC1": [
    1,
    0.42368006706237793
  ],
  "[O-]C(=O)[C@@H](c1cscc1)N1CCOCC1": [
    1,
    0.12349875271320343
  ],
  "C1CCCN2CCCC[C@H]2C1": [
    1,
    0.41571861505508423
  ],
  "[C@H]1(C([O-])=O)CC[C@H]2N(CCC1)CCC2": [
    1,
    0.197846919298172
  ],
  "C1CCCCN2CCCC2C1": [
    1,
    0.4816098213195801
  ],
  "C1CCN2CCCCCC2C1": [
    1,
    0.341279536485672
  ],
  "C([O-])(=O)[C@H]1CCCN(C)C1": [
    1,
    0.21726985275745392
  ],
  "C1CCC2CCCCCN2CC1": [
    1,
    0.36987411975860596
  ],
  "N12C(CCCC1)CCCC2": [
    1,
    0.42368006706237793
  ],
  "C1C=CCN2CCCC2C1": [
    1,
    0.4039418697357178
  ],
  "C1CCC2CCCCCN2C1": [
    1,
    0.341279536485672
  ]
}