{
  "n1cc(C[NH2+]C)n(-c2cnccc2)c1SC": [
    1,
    0.10533607751131058
  ],
  "C(c1ccccc1)S(Nc1ccccc1)(=O)=O": [
    1,
    0.10533607751131058
  ],
  "c1n(C)ncc1CNS(=O)(Cc1ccccc1)=O": [
    1,
    0.10533607751131058
  ],
  "c1ccc(Cl)c(S(=O)([N-]c2ncccc2)=O)c1": [
    1,
    0.10533607751131058
  ],
  "c1cc(C(=O)NC[C@@H](c2ccc(OC)cc2)[NH+](C)C)cc(OC)n1": [
    1,
    0.10533607751131058
  ],
  "c1(N2CCC(C[NH2+]CC(C)C)CC2)cc[nH+]cc1": [
    1,
    0.10533607751131058
  ],
  "[NH3+]C1CCN(c2cc[nH+]cc2)CC1": [
    1,
    0.10533607751131058
  ],
  "[O-]C(=O)c1cc(Cl)ncn1": [
    2,
    0.10533607751131058
  ],
  "c1cccc(CS(=O)(Nc2ccccc2)=O)c1": [
    1,
    0.10533607751131058
  ],
  "c1cc(CS(Nc2cc(OC)ccc2)(=O)=O)ccc1": [
    1,
    0.10533607751131058
  ],
  "n1c(C(=O)[O-])c2ccccc2c(SC)n1": [
    1,
    0.10533607751131058
  ],
  "CC(N1CC[NH2+]CC1)=O": [
    1,
    0.10533607751131058
  ],
  "C(C)(C)[NH2+]C[C@@H](OC)C": [
    1,
    0.10533607751131058
  ],
  "C1CSCCN1[C@H](C(=O)N)C#N": [
    1,
    0.10533607751131058
  ],
  "O(c1c(C(=O)N2CC[NH2+]CC2)cccc1)C": [
    1,
    0.10533607751131058
  ],
  "c1c(C[NH2+]C)cncc1": [
    1,
    0.10533607751131058
  ],
  "N1(C(c2cc(OC(F)(F)F)ccc2)=O)CC[NH2+]CC1": [
    1,
    0.10533607751131058
  ],
  "C1N(c2cc[nH+]cc2)CCC([NH2+]CC2CC2)C1": [
    1,
    0.10533607751131058
  ],
  "C1[C@@H](NCCOc2ccc(F)cc2)CC[NH2+]1": [
    1,
    0.10533607751131058
  ],
  "c1(OCC(=O)N2CC[NH2+]CC2)ccccc1": [
    1,
    0.10533607751131058
  ],
  "C1[NH2+]CCN(C(=O)COc2ccc(F)cc2)C1": [
    1,
    0.10533607751131058
  ],
  "C1C[NH2+]C[C@H]1Oc1ccc(OC)cc1": [
    1,
    0.10533607751131058
  ],
  "C1N(c2cc[nH+]cc2)CC[NH2+]C1": [
    1,
    0.10533607751131058
  ],
  "c1cc([C@H]2C[NH2+]CC2)cc(OC)c1": [
    1,
    0.10533607751131058
  ],
  "C1N(c2cc[nH+]cc2)CCC(C[NH2+]C2CC2)C1": [
    1,
    0.10533607751131058
  ],
  "C1N(C(=O)c2ccccc2OC)CC[NH2+]C1": [
    1,
    0.10533607751131058
  ],
  "c1c(C(N2CC[NH2+]CC2)=O)cccc1OC(F)(F)F": [
    1,
    0.10533607751131058
  ],
  "C1N(C(COc2cc(Cl)ccc2)=O)CC[NH2+]C1": [
    1,
    0.10533607751131058
  ],
  "C1[C@H](NCCOc2ccc(F)cc2)CC[NH2+]1": [
    1,
    0.10533607751131058
  ],
  "C1([NH2+]CC2CC2)CCN(c2cc[nH+]cc2)CC1": [
    1,
    0.10533607751131058
  ],
  "N1(c2cc[nH+]cc2)CC[NH2+]CC1": [
    1,
    0.10533607751131058
  ],
  "c1cc(OCC(N2CC[NH2+]CC2)=O)ccc1F": [
    1,
    0.10533607751131058
  ],
  "C1[NH2+]CCN(C(=O)c2c(OC)cccc2)C1": [
    1,
    0.10533607751131058
  ],
  "c1c(N2CC[NH2+]CC2)cc[nH+]c1": [
    1,
    0.10533607751131058
  ],
  "C1(C[NH2+]C2CC2)CCN(c2cc[nH+]cc2)CC1": [
    1,
    0.10533607751131058
  ],
  "C1C(C[NH2+]C2CCN(c3cc[nH+]cc3)CC2)C1": [
    1,
    0.10533607751131058
  ],
  "C1([NH2+]CCC)CCN(c2cc[nH+]cc2)CC1": [
    1,
    0.10533607751131058
  ],
  "c1c[nH+]ccc1N1CCC([NH2+]Cc2ncccc2)CC1": [
    1,
    0.10533607751131058
  ],
  "C1C([NH2+]CC2CCN(c3cc[nH+]cc3)CC2)C1": [
    1,
    0.10533607751131058
  ],
  "c1ccc([N-]S(=O)(=O)c2c(Cl)cccc2)cc1": [
    1,
    0.10533607751131058
  ],
  "c1cnc([N-]S(=O)(c2ccccc2)=O)nc1": [
    1,
    0.10533607751131058
  ],
  "c1c(OC)ccc(O[C@H]2CC[NH2+]C2)c1": [
    1,
    0.10533607751131058
  ],
  "N1(C(COc2ccc(F)cc2)=O)CC[NH2+]CC1": [
    1,
    0.10533607751131058
  ],
  "c1cc([N-]S(c2ccccc2Cl)(=O)=O)ccc1": [
    1,
    0.10533607751131058
  ],
  "C1[C@@H](c2cccc(OC)c2)CC[NH2+]1": [
    1,
    0.10533607751131058
  ],
  "c1ccccc1OCC(=O)N[C@H]1CCC[NH2+]C1": [
    1,
    0.10533607751131058
  ],
  "C1[C@H](c2cc(OC)ccc2)C[NH2+]C1": [
    1,
    0.10533607751131058
  ],
  "C1N([C@H](c2cccnc2)C(C)C)CCSC1": [
    1,
    0.18614129722118378
  ],
  "C1C[NH2+]CCN1C(COc1cccc(Cl)c1)=O": [
    1,
    0.10533607751131058
  ],
  "C1C([NH2+]CC2CC[NH2+]CC2)CCCCC1": [
    1,
    0.10533607751131058
  ],
  "C1CC1C[NH2+]C1CCN(c2cc[nH+]cc2)CC1": [
    1,
    0.10533607751131058
  ],
  "O([C@@H]1C[NH2+]CC1)c1ccc(OC)cc1": [
    1,
    0.10533607751131058
  ],
  "C1C[NH2+]CCN1c1cc[nH+]cc1": [
    1,
    0.10533607751131058
  ],
  "c1ccccc1NC(=O)CSC1=[NH+]CCN1": [
    1,
    0.10533607751131058
  ],
  "[nH+]1ccc(N2CC[NH2+]CC2)cc1": [
    1,
    0.10533607751131058
  ],
  "O1CCN([C@H](c2ccccc2)C(=O)C)CC1": [
    1,
    0.1367417871952057
  ],
  "n1cnc(Cl)cc1C(=O)[O-]": [
    1,
    0.10533607751131058
  ],
  "O=C([C@@H](N1CCSCC1)c1ccccc1)C": [
    1,
    0.1414526402950287
  ],
  "C1[NH2+]CCN(C(=O)c2ccccc2OC)C1": [
    1,
    0.0
  ],
  "C1N([C@H](c2cnccc2)C(C)C)CCSC1": [
    1,
    0.18614129722118378
  ],
  "N(Cc1ccccc1)(CC1CC[NH2+]CC1)C(=O)C": [
    1,
    0.10533607751131058
  ],
  "c1ccccc1C(N[C@@H]1C[NH2+]CC1)=O": [
    1,
    0.10533607751131058
  ],
  "[C@H](N1CCOCC1)(c1ccccc1)C(C)=O": [
    1,
    0.147976353764534
  ],
  "c12c(c(C([O-])=O)ccc1)c(C(=O)[O-])ccc2": [
    1,
    0.10533607751131058
  ],
  "S1CCN([C@@H](C(C)C)c2cnccc2)CC1": [
    1,
    0.18614129722118378
  ],
  "C1CN([C@H](C)c2ccc(OC)cc2)CCO1": [
    1,
    0.1935139000415802
  ],
  "O=C(C)[C@@H](N1CCSCC1)c1ccccc1": [
    1,
    0.1414526402950287
  ],
  "c1cccc([C@H](C(C)C)N2CCOCC2)c1": [
    1,
    0.1496516615152359
  ],
  "c1ccccc1[C@@H](N1CCOCC1)C": [
    1,
    0.20792336761951447
  ],
  "C1N([C@H](C(C)C)c2ccccc2)CCOC1": [
    1,
    0.167427197098732
  ],
  "N1([C@@H](C(C)C)c2cnccc2)CCOCC1": [
    1,
    0.1683664470911026
  ],
  "S1CCN([C@@H](C(C)C)c2ccccc2)CC1": [
    1,
    0.15653552114963531
  ],
  "c1cc([C@H](N2CCOCC2)C)cnc1": [
    1,
    0.17508120834827423
  ],
  "C1CN([C@H](c2cnccc2)C(C)C)CCS1": [
    1,
    0.18614129722118378
  ],
  "c1cc([C@@H](C(C)=O)N2CCOCC2)ccn1": [
    1,
    0.14225277304649353
  ],
  "C1OCCN([C@@H](C)c2cnccc2)C1": [
    1,
    0.25437474250793457
  ],
  "O=C(c1ccccc1)N[C@H]1CC[NH2+]C1": [
    1,
    0.10533607751131058
  ],
  "[C@H](N1CCOCC1)(C(C)=O)c1cccnc1": [
    1,
    0.15653552114963531
  ],
  "c1(C([O-])=O)ncc2c(cccc2)c1": [
    1,
    0.10533607751131058
  ],
  "c1ncc([C@@H](N2CCSCC2)C(C)C)cc1": [
    1,
    0.18614129722118378
  ],
  "CC([C@@H](c1cnccc1)N1CCOCC1)C": [
    1,
    0.1683664470911026
  ],
  "n1c(Cl)cc(C(=O)[O-])cc1": [
    1,
    0.10533607751131058
  ],
  "c1(O[C@@H]2CC[NH2+]C2)cc(C(=O)NCC(C)C)ccc1": [
    1,
    0.10533607751131058
  ],
  "C1[C@H](NC(c2ccccc2)=O)CC[NH2+]1": [
    1,
    0.10533607751131058
  ],
  "C1COCCN1[C@@H](c1cccnc1)C": [
    1,
    0.17508120834827423
  ],
  "c1ccc([C@@H](N2CCOCC2)C)cn1": [
    1,
    0.25437474250793457
  ],
  "N1([C@@H](C(C)C)c2cccnc2)CCOCC1": [
    1,
    0.1683664470911026
  ],
  "N1([C@@H](C(C)C)c2ccccc2)CCSCC1": [
    1,
    0.15653552114963531
  ],
  "c1([C@@H](C)N2CCOCC2)cnccc1": [
    1,
    0.17508120834827423
  ],
  "C1OCCN([C@H](C(=O)c2ccccc2)C)C1": [
    1,
    0.1882207691669464
  ],
  "c1ccncc1[C@H](C)N1CCSCC1": [
    1,
    0.18204618990421295
  ],
  "c1([C@H](N2CCSCC2)C(C)C)cccnc1": [
    1,
    0.16556350886821747
  ]
}