{"A": [[80.0, 80.0, 87.0, 87.0, 87.0, 87.0, 89.0, 89.0, 89.0, 89.0, 89.0, 89.0, 89.0, 89.0], [31.914119778332946, 40.0, 40.0, 40.0, 43.38024758308646, 43.38024758308646, 44.955767575357996, 45.93835199020519, 48.095692123725264, 48.095692123725264, 48.095692123725264, 55.870236868238, 69.0, 77.24887567320661], [25.36207035466775, 34.0, 39.396531301527695, 42.33040142179379, 43.38024758308646, 44.955767575357996, 45.93835199020519, 48.09569212372527, 48.09569212372527, 84.30863476656856, 84.34411720837025, 84.34411720837025, 89.0, 89.0], [31.914119778332946, 37.0, 42.33040142179379, 45.72559437340397, 49.65529916163712, 49.65529916163712, 52.0, 87.0, 87.0, 87.0, 87.0, 87.0, 89.0, 89.0], [31.914119778332946, 32.0, 57.66158465225708, 57.66158465225708, 78.0, 78.0, 78.0, 78.0, 78.52967007090423, 79.6336002885603, 79.6336002885603, 79.6336002885603, 79.6336002885603, 79.6336002885603]], "B": [[31.914119778332946, 37.0, 37.0, 89.0, 89.0, 89.0, 89.0, 89.0, 89.0, 89.0, 89.0, 89.0, 89.0, 89.0], [31.914119778332946, 34.0, 89.0, 89.0, 89.0, 89.0, 89.0, 89.0, 89.0, 89.0, 89.0, 89.0, 89.0, 89.0], [31.914119778332946, 31.914119778332946, 39.396531301527695, 42.33040142179379, 43.38024758308646, 43.38024758308646, 43.38024758308646, 44.955767575357996, 44.955767575357996, 45.93835199020519, 48.09569212372527, 48.09569212372527, 48.09569212372527, 48.09569212372527], [31.914119778332946, 37.0, 40.0, 40.0, 40.0, 40.0, 42.67632640188375, 42.67632640188375, 43.38024758308646, 47.17635702562821, 47.17635702562821, 47.523611198361294, 78.0, 78.0], [32.0, 57.66158465225708, 62.487066072901655, 62.487066072901655, 62.487066072901655, 67.13996036268878, 67.13996036268878, 67.13996036268878, 67.13996036268878, 67.13996036268878, 67.13996036268878, 89.0, 89.0, 89.0]], "C": [[40.0, 40.0, 40.0, 40.0, 42.33040142179379, 42.5764851577991, 44.955767575357996, 44.955767575357996, 44.955767575357996, 46.45781707695063, 48.09569212372527, 48.09569212372527, 48.09569212372527, 48.09569212372527], [32.0, 40.0, 42.33040142179379, 43.38024758308646, 43.38024758308646, 44.955767575357996, 44.955767575357996, 46.639123192490686, 46.639123192490686, 46.817338841359685, 46.817338841359685, 50.213595551679674, 50.213595551679674, 50.213595551679674], [28.80874668112876, 40.0, 40.441426314863975, 42.33040142179379, 43.38024758308646, 44.955767575357996, 45.93835199020519, 48.09569212372527, 48.09569212372527, 48.09569212372527, 48.09569212372527, 54.0, 60.88078366872634, 60.88078366872634], [31.914119778332946, 39.396531301527695, 40.42699855868031, 42.33040142179379, 42.33040142179379, 44.955767575357996, 46.45781707695063, 46.639123192490686, 46.817338841359685, 50.213595551679674, 50.213595551679674, 50.213595551679674, 69.0, 76.47090118978153], [39.396531301527695, 39.396531301527695, 42.33040142179379, 43.38024758308646, 43.38024758308646, 43.38024758308646, 43.38024758308646, 45.93835199020519, 48.09569212372527, 48.09569212372527, 48.09569212372527, 48.09569212372527, 54.0, 62.723788617499295]], "D": [[40.0, 40.0, 42.33040142179379, 42.33040142179379, 69.0, 89.0, 89.0, 89.0, 89.0, 89.0, 89.0, 89.0, 89.0, 89.0], [31.914119778332946, 41.47151631389886, 41.47151631389886, 43.83742534055088, 48.0, 87.0, 87.0, 87.0, 89.0, 89.0, 89.0, 89.0, 89.0, 89.0], [27.642430222077778, 35.5310813707474, 40.0, 40.44142631486398, 42.33040142179379, 42.460225558741165, 48.0, 48.0, 48.0, 48.0, 48.0, 48.0, 48.0, 54.0], [37.0, 40.0, 40.0, 40.0, 77.0, 78.32916777551871, 78.32916777551871, 87.0, 87.0, 87.0, 87.0, 89.0, 89.0, 89.0], [37.0, 37.0, 41.47151631389886, 69.0, 76.0915326555214, 87.0, 87.0, 87.0, 87.0, 87.0, 87.0, 87.0, 87.0, 87.0]], "E": [[37.0, 87.0, 89.0, 89.0, 89.0, 89.0, 89.0, 89.0, 89.0, 89.0, 89.0, 89.0, 89.0, 89.0], [40.0, 74.0, 76.72887853485791, 76.72887853485791, 76.72887853485791, 76.72887853485791, 87.0, 89.0, 89.0, 89.0, 89.0, 89.0, 89.0, 89.0], [31.914119778332946, 39.396531301527695, 39.396531301527695, 40.42699855868031, 41.165637982541384, 42.33040142179379, 44.955767575357996, 45.93835199020519, 48.09569212372527, 48.09569212372527, 48.09569212372527, 48.24508543186772, 78.0, 80.65947176312804], [39.396531301527695, 39.396531301527695, 39.396531301527695, 42.33040142179379, 42.5764851577991, 44.81524130323443, 45.30975931787984, 80.0, 80.0, 80.06441949319502, 80.06441949319502, 80.06441949319502, 80.06441949319502, 80.06441949319502], [39.396531301527695, 56.0, 56.0, 87.0, 87.0, 87.0, 87.0, 87.0, 87.0, 87.0, 87.0, 87.0, 87.0, 87.0]], "F": [[35.5310813707474, 40.0, 42.33040142179379, 42.33040142179379, 43.38024758308646, 44.955767575357996, 44.955767575357996, 46.09877764773573, 46.09877764773573, 47.18978162798332, 48.09569212372527, 48.09569212372527, 48.09569212372527, 48.09569212372527], [40.0, 42.33040142179379, 42.33040142179379, 43.38024758308646, 43.38024758308646, 43.38024758308646, 44.955767575357996, 45.93835199020519, 48.09569212372527, 48.09569212372527, 48.09569212372527, 48.09569212372527, 48.09569212372527, 48.09569212372527], [34.0, 39.396531301527695, 42.33040142179379, 42.33040142179379, 43.38024758308646, 43.38024758308646, 43.38024758308646, 44.955767575357996, 45.93835199020519, 48.09569212372527, 48.09569212372527, 48.09569212372527, 56.0, 70.07199572279977], [39.396531301527695, 39.396531301527695, 43.38024758308646, 43.38024758308646, 43.38024758308646, 44.955767575357996, 45.93835199020519, 48.09569212372527, 48.09569212372527, 48.09569212372527, 48.09569212372527, 74.0, 74.0, 74.86329005480812], [26.667339117521436, 39.396531301527695, 42.33040142179379, 43.38024758308646, 43.38024758308646, 44.955767575357996, 45.93835199020519, 48.09569212372527, 48.09569212372527, 48.09569212372527, 48.09569212372527, 48.09569212372527, 48.09569212372527, 89.0]]}