{
  "C1CC([NH2+]Cc2cncn2C2CC2)CCN1C(C)=O": [
    1,
    0.10533607751131058
  ],
  "c1(Cl)ccc(F)c(NC(=O)C(N[C@H](Cn2c[nH+]cc2)C)=O)c1": [
    1,
    0.10533607751131058
  ],
  "n1cccc(-c2cccc(C([O-])=O)c2)c1": [
    1,
    0.10533607751131058
  ],
  "[O-]C(=O)c1ccc(S(=O)(N[C@@H]2CCCC2(C)C)=O)cc1": [
    1,
    0.10533607751131058
  ],
  "CC(C1=[NH+]CCN1)(C)C": [
    1,
    0.10533607751131058
  ],
  "c1c(OCC(=O)N2CC[NH2+]CC2)cc(Cl)cc1": [
    1,
    0.10533607751131058
  ],
  "O(c1cc(Cl)ccc1)CC(N1CC[NH2+]CC1)=O": [
    1,
    0.10533607751131058
  ],
  "c1ccc(NC(=O)CSC2=[NH+]CCN2)cc1Cl": [
    1,
    0.10533607751131058
  ],
  "c1(C[NH2+]C2CCN(C(=O)C)CC2)n(C2CC2)cnc1": [
    1,
    0.10533607751131058
  ],
  "C(=O)(N(C)CC1CC[NH2+]CC1)N1CC[NH2+]CC1": [
    1,
    0.10533607751131058
  ],
  "c1n(Cc2c(Cl)cccc2)c(C[NH2+]C)cn1": [
    1,
    0.10533607751131058
  ],
  "n1(-c2nccc(C([O-])=O)c2)c(SC)ncc1": [
    1,
    0.10533607751131058
  ],
  "c1(F)cccc(NC(=O)CSC2=[NH+]CCN2)c1": [
    1,
    0.10533607751131058
  ],
  "C1N(c2c(Cl)ccc(C)c2)CCC([NH3+])C1": [
    1,
    0.10533607751131058
  ],
  "[C@H]12CCCN1C[C@H](O)C2": [
    1,
    0.5600890517234802
  ],
  "C1[C@@H](O)C[C@H]2CCCN12": [
    1,
    0.4710111618041992
  ],
  "C1N2CCC[C@@H]2C[C@H]1O": [
    1,
    0.5600890517234802
  ],
  "N12CCC[C@H]1C[C@@H](O)C2": [
    1,
    0.6109835505485535
  ],
  "[C@H]12N(C[C@@H](O)C1)CCC2": [
    1,
    0.4710111618041992
  ],
  "C1[C@H](O)C[C@H]2N1CCC2": [
    1,
    0.6109835505485535
  ],
  "[C@@H]1(O)C[C@H]2CCCN2C1": [
    1,
    0.5600890517234802
  ],
  "C1N2[C@@H](C[C@H](O)C2)C1": [
    1,
    0.20226888358592987
  ],
  "C1CC[C@H]2N1C[C@H](O)C2": [
    1,
    0.5600890517234802
  ],
  "O[C@H]1C[C@H]2N(CCC2)C1": [
    1,
    0.4816098213195801
  ],
  "C1[C@@H]2N(CCC2)C[C@H]1O": [
    1,
    0.4710111618041992
  ],
  "C1[C@@H](O)CN2[C@H]1CCC2": [
    1,
    0.6109835505485535
  ]
}