{
  "C1CC([NH2+]Cc2cncn2C2CC2)CCN1C(C)=O": [
    1,
    0.10533607751131058
  ],
  "c1(Cl)ccc(F)c(NC(=O)C(N[C@H](Cn2c[nH+]cc2)C)=O)c1": [
    1,
    0.10533607751131058
  ],
  "n1cccc(-c2cccc(C([O-])=O)c2)c1": [
    1,
    0.10533607751131058
  ],
  "c1(Cl)ccc(Cl)c(NC(=O)C)c1": [
    1,
    0.10533607751131058
  ],
  "[nH+]1ccn(CC2(O)CC[NH+](Cc3ccccc3)CC2)c1": [
    1,
    0.10533607751131058
  ],
  "c1c(Cl)ccc(C[NH2+]C2CC2)c1": [
    1,
    0.10533607751131058
  ],
  "c1(Cl)n(C)cnn1": [
    1,
    0.10533607751131058
  ],
  "c1cc(C[NH2+]C2CC2)cc(F)c1Cl": [
    1,
    0.10533607751131058
  ],
  "C1([NH2+]Cc2n(C3CC3)cnc2)CC1": [
    1,
    0.10533607751131058
  ],
  "C(=O)([O-])c1ccc(S(Nc2ccc(-c3ncccc3)cc2)(=O)=O)cc1": [
    1,
    0.10533607751131058
  ],
  "c1cccc(F)c1C(N1CCC([NH3+])CC1)=O": [
    1,
    0.10533607751131058
  ],
  "C1N([C@@H]2CCCC=C2)CC[NH2+]C1": [
    1,
    0.10533607751131058
  ],
  "CC(C)(C)C1=[NH+]CCN1": [
    1,
    0.10533607751131058
  ],
  "O=C(c1ccc(S(=O)(=O)[N-]c2cccnc2C)cc1)[O-]": [
    1,
    0.10533607751131058
  ],
  "N(c1c(C)cc(N(C)C)cc1)C(CSC1=[NH+]CCN1)=O": [
    1,
    0.10533607751131058
  ],
  "O1CCN([C@H](CO)C(=O)[O-])CC1": [
    1,
    0.114065982401371
  ],
  "c1(C([O-])=O)ccc(S(=O)(Nc2cccc(C)c2C)=O)cc1": [
    1,
    0.10533607751131058
  ],
  "c1ccc(Cl)c(F)c1C[NH2+]C1CC1": [
    1,
    0.10533607751131058
  ],
  "C1CSCCN1C(=O)NCC1CCN(c2cc[nH+]cc2)CC1": [
    1,
    0.10533607751131058
  ],
  "c1(Br)ccc(C[NH2+]C2CC2)cc1": [
    1,
    0.10533607751131058
  ],
  "c1(C[NH2+]C2CC2)c(Cl)cccc1": [
    1,
    0.10533607751131058
  ],
  "c1ccnc(Cl)c1[N-]S(=O)(CC1CCC1)=O": [
    1,
    0.10533607751131058
  ],
  "C1C([NH3+])CCN(C(C)=O)C1": [
    1,
    0.10533607751131058
  ],
  "c1cc(F)ccc1C(=O)N1CCC([NH3+])CC1": [
    1,
    0.10533607751131058
  ],
  "N1(c2cc[nH+]cc2)CCC(C[NH2+][C@@H](C)c2cccc(F)c2)CC1": [
    1,
    0.10533607751131058
  ],
  "O=C(c1ccc(S(=O)([N-]c2cccc(C(=O)[O-])c2)=O)cc1)[O-]": [
    1,
    0.10533607751131058
  ],
  "C(=O)(N1CCC([NH3+])CC1)c1ccc(F)cc1": [
    1,
    0.10533607751131058
  ],
  "Fc1ccc(C[NH2+]Cc2cc(F)c(Cl)cc2)cc1": [
    1,
    0.10533607751131058
  ],
  "c1c(C[NH2+]C2CC2)ccc(Cl)c1F": [
    1,
    0.10533607751131058
  ],
  "C1CC(O)CCC1[NH2+]Cc1c(Cl)cccc1": [
    1,
    0.10533607751131058
  ],
  "[NH2+](Cc1cc(Br)ccc1)Cc1cccc(F)c1": [
    1,
    0.10533607751131058
  ],
  "c1(S(Nc2cccc(C)c2C)(=O)=O)ccc(C([O-])=O)cc1": [
    1,
    0.10533607751131058
  ],
  "[C@@H](CO)(C([O-])=O)N1CCOCC1": [
    1,
    0.114065982401371
  ],
  "C1([NH3+])CCN(C(=O)c2ccc(F)cc2)CC1": [
    1,
    0.10533607751131058
  ],
  "c1c(C[NH2+]C2CCN(C(C)=O)CC2)c(Cl)ccc1": [
    1,
    0.10533607751131058
  ],
  "C1CN(C(COCC2CC[NH2+]CC2)=O)CCS1": [
    1,
    0.10533607751131058
  ],
  "[O-]C(=O)[C@H](N1CCOCC1)c1ccccc1Cl": [
    1,
    0.10533607751131058
  ],
  "C1CN(c2nnnnc2)C1": [
    1,
    0.17025983333587646
  ],
  "c1c([C@H](C(=O)[O-])N2CCOCC2)cccc1": [
    1,
    0.12004605680704117
  ],
  "c1c([N-]S(=O)(CC2CCC2)=O)c(Cl)ncc1": [
    1,
    0.10533607751131058
  ],
  "c1cc(N2CCC(CNC(=O)N3CCSCC3)CC2)cc[nH+]1": [
    1,
    0.10533607751131058
  ],
  "C1CN(c2cc[nH+]cc2)CCC1CN[C@H]1C[NH2+]CC1": [
    1,
    0.10533607751131058
  ],
  "n1cccc(Cl)c1C[NH2+]C1CC1": [
    1,
    0.10533607751131058
  ],
  "C1CCCN1[C@H](c1n(C)cnn1)C": [
    1,
    0.2727201581001282
  ],
  "n1cccc(C[NH2+]C2CC2)c1Cl": [
    1,
    0.10533607751131058
  ],
  "n1cn(C)c([C@@H](N2CCCC2)C)n1": [
    1,
    0.2727201581001282
  ],
  "c1ccnc(Cl)c1C[NH2+]C1CC1": [
    1,
    0.10533607751131058
  ],
  "C1[C@@H](NCCOc2ccc(F)cc2)C[NH2+]C1": [
    1,
    0.10533607751131058
  ],
  "[C@@H](C)(N1CCCC1)c1n(C)cnn1": [
    1,
    0.2727201581001282
  ],
  "n1ncn(C)c1[C@@H](N1CCCOC1)C": [
    2,
    0.3398929834365845
  ],
  "C1CCN([C@@H](C)c2nncn2C)C1": [
    1,
    0.2727201581001282
  ],
  "n1ncn(C)c1[C@H](N1CCCC1)C": [
    2,
    0.3981301486492157
  ],
  "C([O-])([C@@H](CO)N1CCOCC1)=O": [
    1,
    0.114065982401371
  ],
  "c1([C@H](C)N2CCCC2)nncn1C": [
    1,
    0.2727201581001282
  ],
  "C1N([C@@H](CO)C([O-])=O)CCOC1": [
    1,
    0.11150217801332474
  ],
  "c1nnc([C@H](C)N2CCCOC2)n1C": [
    1,
    0.3398929834365845
  ],
  "c1nnc([C@H](N2CCCC2)C)n1C": [
    1,
    0.3981301486492157
  ],
  "c1nnc([C@H](C)N2CCCC2)n1C": [
    1,
    0.2727201581001282
  ],
  "n1cn(C)c([C@@H](C)N2CCCC2)n1": [
    1,
    0.3981301486492157
  ],
  "O=C([C@@H](c1cnccc1)N1CCCC1)[O-]": [
    1,
    0.11150217801332474
  ],
  "N1([C@@H](C)c2n(C)cnn2)CCCC1": [
    1,
    0.2727201581001282
  ],
  "C1CN(C(C)=O)CCC1N[C@H]1C[NH2+]CCC1": [
    1,
    0.10533607751131058
  ],
  "C1CCN([C@@H](c2n(C)cnn2)C)C1": [
    1,
    0.0
  ],
  "c1ccnc(Cl)c1[N-]S(CC1CCC1)(=O)=O": [
    1,
    0.10533607751131058
  ],
  "C1CCCN1[C@H](C)c1nncn1C": [
    1,
    0.0
  ],
  "c1(N2CCC(CNC(=O)N3CCSCC3)CC2)cc[nH+]cc1": [
    1,
    0.10533607751131058
  ],
  "n1nn(C2CC2)c(C2CC[NH2+]CC2)n1": [
    1,
    0.10533607751131058
  ],
  "c1(OCCN[C@@H]2CC[NH2+]C2)ccc(C)c(C)c1": [
    1,
    0.10533607751131058
  ],
  "O=C([O-])C1(c2ccccc2)CCOCC1": [
    1,
    0.10533607751131058
  ],
  "C1CCN(c2cnnnn2)C1": [
    2,
    0.3625727593898773
  ],
  "[C@H](C)(N1CCOCC1)c1n(C)cnn1": [
    1,
    0.12280059605836868
  ],
  "C[C@@H](c1n(C)cnn1)N1COCCC1": [
    1,
    0.3398929834365845
  ],
  "Cc1cc(S([N-]c2c(C)nn(C)c2C)(=O)=O)ccc1C": [
    1,
    0.10533607751131058
  ],
  "C1CCC1CS(=O)([N-]c1c(Cl)nccc1)=O": [
    1,
    0.10533607751131058
  ],
  "Fc1c(C[NH2+]C2CCC(O)CC2)cc(Cl)cc1": [
    1,
    0.10533607751131058
  ],
  "n1ncn(C)c1[C@@H](N1COCCC1)C": [
    1,
    0.3398929834365845
  ],
  "n1ncc(N2CCCC2)nn1": [
    3,
    0.3625727593898773
  ],
  "n1cn(C)c([C@H](N2COCCC2)C)n1": [
    1,
    0.14467930793762207
  ],
  "[C@@H](c1n(C)cnn1)(N1CCOCC1)C": [
    1,
    0.12280059605836868
  ],
  "C1CCOCN1[C@H](c1nncn1C)C": [
    1,
    0.3398929834365845
  ],
  "C[C@H](c1n(C)cnn1)N1CCOCCC1": [
    1,
    0.20564450323581696
  ],
  "[C@@H](N1CCOCC1)(C)c1nncn1C": [
    1,
    0.12280059605836868
  ],
  "c1(N2CCCCC2)cnnnn1": [
    1,
    0.10533607751131058
  ],
  "C1OCCN([C@H](c2nncn2C)C)C1": [
    1,
    0.13368543982505798
  ],
  "n1nncc(N2CCCC2)n1": [
    3,
    0.0
  ],
  "C1N([C@H](C)c2nncn2C)CCCO1": [
    1,
    0.14467930793762207
  ],
  "O1CCCN([C@H](c2nncn2C)C)C1": [
    1,
    0.3398929834365845
  ],
  "c1c(C[NH2+]CC2CCC2)cccc1F": [
    1,
    0.10533607751131058
  ],
  "C1CN(c2ncccn2)CCC1CC(=O)[O-]": [
    1,
    0.10666338354349136
  ],
  "n1c(C(=O)[O-])cn(C2CC2)n1": [
    1,
    0.10533607751131058
  ],
  "C1CCN([C@H](c2nncn2C)C)CO1": [
    1,
    0.3398929834365845
  ],
  "C1COCN([C@@H](C)c2n(C)cnn2)C1": [
    1,
    0.0
  ],
  "[NH2+](C1CCC(O)CC1)Cc1ccccc1Cl": [
    1,
    0.10533607751131058
  ],
  "C1N(c2nnnnc2)CCC1": [
    1,
    0.3625727593898773
  ],
  "N1(c2ncccn2)CCC(CC([O-])=O)CC1": [
    1,
    0.10666338354349136
  ],
  "n1nc([C@H](N2CCOCC2)C([O-])=O)n(C)c1": [
    1,
    0.1321820467710495
  ],
  "O=C([O-])[C@H](CO)N1CCCC1": [
    1,
    0.13986530900001526
  ],
  "C1CCN(c2nnnnc2)C1": [
    1,
    0.3625727593898773
  ],
  "N1([C@H](C)C(=O)N2CCOCC2)CCSCC1": [
    1,
    0.12849457561969757
  ],
  "C1CN(c2nnnnc2)CCC1": [
    1,
    0.10533607751131058
  ],
  "N1(c2nnnnc2)CCCC1": [
    1,
    0.3625727593898773
  ],
  "c1c(CN2CCC[NH2+]CC2)c(Cl)ccc1": [
    1,
    0.10533607751131058
  ],
  "N12CC[NH+](CC1)CC2": [
    1,
    0.10533607751131058
  ],
  "n1c([C@@H](C)N2CCOCCC2)n(C)cn1": [
    1,
    0.20564450323581696
  ],
  "n1nc(N2CCCC2)cnn1": [
    1,
    0.0
  ],
  "C1CN(c2ncccn2)CC1": [
    1,
    0.16280463337898254
  ],
  "Cn1cnnc1[C@@H](N1CCOCC1)C(=O)[O-]": [
    1,
    0.10999094694852829
  ],
  "C1N(Cc2c(Cl)cccc2)CCC[NH2+]C1": [
    1,
    0.10533607751131058
  ],
  "[O-]C(=O)c1ccc(N2CCCC2)nc1": [
    1,
    0.11341969668865204
  ],
  "C1N([C@H](C(=O)N2CCOCC2)C)CCOC1": [
    1,
    0.16649289429187775
  ],
  "C1CN(c2cnnnn2)C1": [
    1,
    0.17025983333587646
  ],