{
  "C1CC([NH2+]Cc2cncn2C2CC2)CCN1C(C)=O": [
    1,
    0.10533607751131058
  ],
  "c1(Cl)ccc(F)c(NC(=O)C(N[C@H](Cn2c[nH+]cc2)C)=O)c1": [
    1,
    0.10533607751131058
  ],
  "n1cccc(-c2cccc(C([O-])=O)c2)c1": [
    1,
    0.10533607751131058
  ],
  "O=C(C(Nc1cc(Cl)ccc1F)=O)N[C@H](Cn1c[nH+]cc1)C": [
    1,
    0.10533607751131058
  ],
  "c1cc(C(=O)[O-])ccc1S(=O)(=O)N[C@H]1C(C)(C)CCC1": [
    1,
    0.10533607751131058
  ],
  "c1c(N2CCC(CNC(=O)N3CCOC(C)(C)C3)CC2)cc[nH+]c1": [
    1,
    0.10533607751131058
  ],
  "C1[C@H]2N(C[C@@H](C([O-])=O)C2)CC1": [
    1,
    0.16463901102542877
  ],
  "c1c([N-]S(=O)(c2ccc(C([O-])=O)cc2)=O)c(C)ncc1": [
    1,
    0.10533607751131058
  ],
  "c1cc(S(=O)(N[C@H]2C(C)(C)CCC2)=O)c(F)cc1C([O-])=O": [
    1,
    0.10533607751131058
  ],
  "N12CCC(CC1)[C@H](C(=O)[O-])C2": [
    1,
    0.30151134729385376
  ],
  "c1cc([C@@]2(C(=O)[O-])CN3CCC[C@H]3C2)ccc1": [
    1,
    0.16280463337898254
  ],
  "C1[C@H](C([O-])=O)C2CCN1CC2": [
    2,
    0.518287718296051
  ],
  "C1CC2CCN1C[C@@H]2C([O-])=O": [
    1,
    0.518287718296051
  ],
  "C1CC2CCN1C[C@H]2C(=O)[O-]": [
    1,
    0.30151134729385376
  ],
  "C1N([C@@H]2CCCC=C2)CC[NH2+]C1": [
    2,
    0.10533607751131058
  ],
  "C1N2CC(CC2)[C@@H]1C(=O)[O-]": [
    1,
    0.5955228805541992
  ],
  "[C@@H]1(C(=O)[O-])C2CN(CC2)C1": [
    1,
    0.4667997360229492
  ],
  "[C@H]1(C([O-])=O)CN2CCCC1CC2": [
    1,
    0.7212049961090088
  ],
  "[C@@H]1(C([O-])=O)CN2CCC1CCC2": [
    1,
    0.5800223350524902
  ],
  "[C@@H]1(C([O-])=O)CN2CCC1CC2": [
    1,
    0.30151134729385376
  ],
  "C1[C@H]2[C@H](C(=O)[O-])CN1CC2": [
    1,
    0.5512451529502869
  ],
  "C1C2[C@@H](C([O-])=O)CN(CC2)C1": [
    1,
    0.518287718296051
  ],
  "C1C2[C@@H](C(=O)[O-])CN(C2)C1": [
    1,
    0.4667997360229492
  ],
  "C1CN2CCC1[C@@H](C([O-])=O)C2": [
    1,
    0.518287718296051
  ],
  "C1[C@@H](C(=O)[O-])C2CCN1CC2": [
    1,
    0.30151134729385376
  ],
  "C1CC2CCN(C1)C[C@H]2C(=O)[O-]": [
    1,
    0.5800223350524902
  ],
  "C1[C@@H](C(=O)[O-])C2CN1CC2": [
    1,
    0.5955228805541992
  ],
  "C1CN2C[C@@H](C([O-])=O)C1CC2": [
    1,
    0.30151134729385376
  ],
  "C12CCN(C1)C[C@H]2C([O-])=O": [
    1,
    0.5955228805541992
  ],
  "C12CCN(C1)C[C@@H]2C([O-])=O": [
    1,
    0.4667997360229492
  ],
  "C1CC2CCN(C[C@@H]2C(=O)[O-])C1": [
    1,
    0.7212049961090088
  ],
  "C1N2CCC([C@H]1C(=O)[O-])CC2": [
    1,
    0.518287718296051
  ],
  "[C@H]1(C(=O)[O-])C2CCCN(C1)CC2": [
    1,
    0.5800223350524902
  ],
  "C1C2[C@H](C(=O)[O-])CN2CC1": [
    1,
    0.3465159833431244
  ],
  "[C@@H]1(C(=O)[O-])CN2CCC1CCC2": [
    1,
    0.5800223350524902
  ],
  "C1N2CC[C@H](C(=O)[O-])C[C@@H]2C1": [
    1,
    0.8565241694450378
  ],
  "[O-]C(=O)[C@@H]1C2CCCN(CC2)C1": [
    1,
    0.7212049961090088
  ],
  "C1C[C@H]2CCN1C[C@H]2C(=O)[O-]": [
    1,
    0.0
  ],
  "[C@H]1(C([O-])=O)CN2C[C@@H]1CC2": [
    1,
    0.8343433141708374
  ],
  "C1N2CCC2[C@H]1C([O-])=O": [
    1,
    0.5117528438568115
  ],
  "C1CC2[C@H](C(=O)[O-])CN1C2": [
    1,
    0.0
  ],
  "C1C[C@H]2N1C[C@@H](C(=O)[O-])C2": [
    1,
    0.33610159158706665
  ],
  "O=C([C@@H]1C2N(CCC2)CC1)[O-]": [
    1,
    0.5999458432197571
  ],
  "C1[C@H](C(=O)[O-])N2CCCC12": [
    1,
    0.43781542778015137
  ],
  "C(=O)([C@@H]1[C@H]2N(C1)CCC2)[O-]": [
    1,
    0.41374191641807556
  ],
  "C1N2CC[C@@H]2C[C@@H]1C([O-])=O": [
    1,
    0.33610159158706665
  ],
  "C1CCN2CC[C@H](C([O-])=O)C2C1": [
    1,
    0.26553547382354736
  ],
  "C([C@H]1CN2CC[C@H]12)(=O)[O-]": [
    1,
    0.5248445272445679
  ],
  "C12CCCN(C[C@@H]1C([O-])=O)CC2": [
    1,
    0.7212049961090088
  ],
  "[O-]C(=O)[C@H]1C[C@H]2CCCN2C1": [
    1,
    0.16463901102542877
  ],
  "C1N2[C@H](C(=O)[O-])CC1CCC2": [
    1,
    0.22575679421424866
  ],
  "C(=O)([C@H]1C2N(C1)CCC2)[O-]": [
    1,
    0.3465159833431244
  ],
  "C1[C@H](C(=O)[O-])C[C@@H]2CCN12": [
    1,
    0.38666480779647827
  ],
  "C1N2[C@@H](CCC2)[C@H]1C([O-])=O": [
    1,
    0.41374191641807556
  ],
  "C1N2[C@H](C([O-])=O)CC2CC1": [
    1,
    0.21726985275745392
  ],
  "c1ncnc(N2CCC(C(=O)[O-])CC2)c1": [
    1,
    0.1329316943883896
  ],
  "C1N2CCCC1[C@H](C([O-])=O)C2": [
    1,
    0.6885630488395691
  ],
  "N12C[C@H](C([O-])=O)[C@@H]1CCC2": [
    1,
    0.41374191641807556
  ],
  "[C@H]1(C([O-])=O)C[C@H]2N(CC2)C1": [
    1,
    0.48587581515312195
  ],
  "C1[C@@H](C([O-])=O)C[C@H]2CCCN12": [
    1,
    0.16463901102542877
  ],
  "N12CC[C@@H]1[C@@H](C([O-])=O)C2": [
    1,
    0.5248445272445679
  ],
  "C(=O)(C1CCN(c2ccncn2)CC1)[O-]": [
    1,
    0.1329316943883896
  ],
  "C1N2CCCC2C[C@@H]1C([O-])=O": [
    1,
    0.2571265399456024
  ],
  "C1CN2C([C@H](C(=O)[O-])CC2)C1": [
    1,
    0.6674807667732239
  ],
  "C1[C@H](C(=O)[O-])CN2C1CCCCC2": [
    1,
    0.22208380699157715
  ],
  "C1[C@@H](C(=O)[O-])CCN2CC[C@H]12": [
    1,
    0.8000406622886658
  ],
  "C([O-])(=O)[C@H]1CCN2CC[C@@H]12": [
    1,
    0.7349886298179626
  ],
  "C([C@H]1C2CCCN(CCC2)C1)([O-])=O": [
    1,
    0.38666480779647827
  ],
  "[C@H]12CCN1CC[C@@H]2C(=O)[O-]": [
    1,
    0.7349886298179626
  ],
  "N12C[C@@H](C([O-])=O)C(CC1)C2": [
    1,
    0.0
  ],
  "C1[C@@H]2CCN2C[C@H](C([O-])=O)C1": [
    1,
    0.5030776262283325
  ],
  "O=C([C@@H]1C2N(CC1)CC2)[O-]": [
    1,
    0.7310841083526611
  ],
  "O=C([C@@H]1[C@H]2CCCN2C1)[O-]": [
    1,
    0.6968592405319214
  ],
  "O=C([O-])[C@@H]1CC2CCN(CCC2)C1": [
    1,
    0.417700856924057
  ],
  "[C@H]1(C([O-])=O)CN2CCC1CCCC2": [
    1,
    0.3062746524810791
  ],
  "C1[C@H]2CCN2[C@@H](C([O-])=O)C1": [
    1,
    0.41177067160606384
  ],
  "O=C([O-])[C@@H]1C[C@H]2CCN2C1": [
    1,
    0.34476399421691895
  ],
  "C([C@@H]1CN2CCCC[C@H]2C1)([O-])=O": [
    1,
    0.2462713122367859
  ],
  "[C@H]1(C([O-])=O)CCN2[C@H](C1)CC2": [
    1,
    0.8565241694450378
  ],
  "C1CCCN2[C@H]1C[C@@H](C([O-])=O)CC2": [
    1,
    0.4752389192581177
  ],
  "C(=O)([O-])[C@H]1CN2C[C@H](C)CCC21": [
    1,
    0.2683899402618408
  ],
  "[C@@H]1(C([O-])=O)C[C@H]2CCN2C1": [
    1,
    0.0
  ],
  "C1C[C@H]2C[C@H](C(=O)[O-])CCN2CC1": [
    1,
    0.29216304421424866
  ],
  "N12C[C@H](C(=O)[O-])C[C@H]1CC2": [
    1,
    0.0
  ],
  "O=C([O-])[C@@H]1CCN2[C@@H](CC2)C1": [
    1,
    0.7559517621994019
  ],
  "C1N2C[C@H]2C[C@H]1C(=O)[O-]": [
    1,
    0.23969103395938873
  ],
  "C1C[C@H]2N1CC[C@@H](C(=O)[O-])C2": [
    1,
    0.4039418697357178
  ],
  "C1CC2CCN(C[C@@H]1C(=O)[O-])CCC2": [
    1,
    0.21138474345207214
  ],
  "[C@@H]12C[C@@H](C(=O)[O-])CCN1CC2": [
    1,
    0.8000406622886658
  ],
  "[C@H]12C[C@@H](C(=O)[O-])CCN1CC2": [
    1,
    0.8565241694450378
  ],
  "C([C@@H]1[C@@H]2CCCN(C2)C1)([O-])=O": [
    1,
    0.7795262336730957
  ],
  "C1CC2CCN1CC[C@H](C([O-])=O)C2": [
    1,
    0.8415262699127197
  ],
  "N12CCC[C@H]1CC[C@@H](C([O-])=O)C2": [
    2,
    0.5270346403121948
  ],
  "C12N(CC[C@@H]1C([O-])=O)CC2": [
    1,
    0.0
  ],
  "[C@H]12[C@H](C([O-])=O)CN1CC2": [
    1,
    0.7933400869369507
  ],
  "[C@@H]12CCN1CC[C@@H](C([O-])=O)C2": [
    1,
    0.7559517621994019
  ],
  "C(=O)([O-])[C@H]1C[C@H]2N(C1)CC2": [
    1,
    0.48587581515312195
  ],
  "[O-]C(=O)[C@@H]1[C@@H]2N(CC2)C1": [
    1,
    0.5248445272445679
  ],
  "N12[C@H](C[C@H](C(=O)[O-])CC1)CC2": [
    1,
    0.7559517621994019
  ],
  "C1CC2[C@H](C(=O)[O-])CN12": [
    1,
    0.8033382892608643
  ],
  "C1N2CC[C@H]2[C@@H](C([O-])=O)C1": [
    1,
    0.7349886298179626
  ],
  "[C@H]1(C(=O)[O-])C[C@@H]2CCN2C1": [
    1,
    0.48587581515312195
  ],
  "C1CC2CN1C[C@H](C(=O)[O-])C2": [
    1,
    0.3500392735004425
  ],
  "C1[C@@H]2C[C@@H](C(=O)[O-])CCN2C1": [
    1,
    0.8000406622886658
  ],
  "C1N2CC[C@H]2C[C@@H](C(=O)[O-])C1": [
    1,
    0.8565241694450378
  ],
  "C([C@@H]1CN2[C@H]1CCC2)([O-])=O": [
    1,
    0.47735869884490967
  ],
  "C1[C@H](C([O-])=O)C[C@H]2N(C1)CC2": [
    1,
    0.8565241694450378
  ],
  "[O-]C([C@@H]1[C@H]2CCCCN2C1)=O": [
    1,
    0.29216304421424866
  ],
  "[C@H]1(C([O-])=O)C[C@@H]2N(CC1)CC2": [
    1,
    0.4039418697357178
  ],