{
  "C1CC([NH2+]Cc2cncn2C2CC2)CCN1C(C)=O": [
    1,
    0.10533607751131058
  ],
  "c1(Cl)ccc(F)c(NC(=O)C(N[C@H](Cn2c[nH+]cc2)C)=O)c1": [
    1,
    0.10533607751131058
  ],
  "n1cccc(-c2cccc(C([O-])=O)c2)c1": [
    1,
    0.10533607751131058
  ],
  "c1cc(-c2cnccc2)cc(C([O-])=O)c1": [
    1,
    0.10533607751131058
  ],
  "c1c(C([O-])=O)cc(-c2ccc(F)c(C([O-])=O)c2)cc1": [
    1,
    0.10533607751131058
  ],
  "C1CN2[C@@H](C[C@H](C([O-])=O)C2)C1": [
    1,
    0.19458888471126556
  ],
  "C1C[C@@H]2N(C[C@@H](C(=O)[O-])C2)C1": [
    1,
    0.2067810744047165
  ],
  "[C@H]1(C(=O)[O-])CN2CCC[C@H]2C1": [
    1,
    0.2683899402618408
  ],
  "[O-]C([C@@H]1C[C@@H]2N(CCC2)C1)=O": [
    1,
    0.18204618990421295
  ],
  "[C@@H]1(C(=O)[O-])CN2[C@@H](C1)CCC2": [
    1,
    0.19458888471126556
  ],
  "c1ncc(C(=O)[O-])cc1": [
    1,
    0.10533607751131058
  ],
  "C1N2CCC[C@@H]2C[C@H]1C([O-])=O": [
    1,
    0.18204618990421295
  ],
  "C([C@]1(c2ccccc2)CN2CCC[C@H]2C1)(=O)[O-]": [
    1,
    0.19244441390037537
  ],
  "c1cc(CS(=O)(Nc2cc(Cl)ccc2F)=O)ccc1": [
    1,
    0.10533607751131058
  ],
  "C1N2C[C@H](C(=O)[O-])C[C@H]2CC1": [
    1,
    0.0
  ],
  "C1N2CCC[C@H]2C[C@H]1C([O-])=O": [
    1,
    0.2683899402618408
  ],
  "C1[C@@H](C([O-])=O)CN2CCC[C@@H]2C1": [
    1,
    0.17313748598098755
  ],
  "C1C[C@](C([O-])=O)(c2ccccc2)C[C@@H]2CCCN12": [
    1,
    0.15565884113311768
  ],
  "N1(c2ccncn2)CC[NH2+]CC1": [
    1,
    0.10533607751131058
  ],
  "[O-]C(=O)[C@@H]1CCN2[C@@H](C1)CCC2": [
    1,
    0.40006163716316223
  ],
  "c1c(Cl)cc(NC(CSC2=[NH+]CCN2)=O)c(C)c1": [
    1,
    0.10533607751131058
  ],
  "C([O-])([C@@H]1CCCN2[C@@H](C1)CCC2)=O": [
    1,
    0.26982685923576355
  ],
  "[nH+]1ccn(C[C@@H](NC(C(Nc2cc(Cl)ccc2F)=O)=O)C)c1": [
    1,
    0.10533607751131058
  ],
  "[C@H]12N(CCC[C@@H](C(=O)[O-])C1)CCC2": [
    1,
    0.26982685923576355
  ],
  "C1C(C([O-])=O)CC[C@@H]2N1CCC2": [
    1,
    0.6459861993789673
  ],
  "C(=O)([O-])[C@@H]1C[C@H]2CCCN2CCC1": [
    1,
    0.238393634557724
  ],
  "C1CN2CCC[C@H]2C[C@@H](C([O-])=O)C1": [
    1,
    0.17508120834827423
  ],
  "C1CN2CC[C@@H](C(=O)[O-])C[C@@H]2C1": [
    1,
    0.5424192547798157
  ],
  "C1N2[C@@H](CC1)C[C@@H](C(=O)[O-])CC2": [
    1,
    0.4098049998283386
  ],
  "C1N2CCC[C@@H]2CCC1C([O-])=O": [
    1,
    0.6459861993789673
  ],
  "C([C@H]1C[C@@H]2N(CCC2)CC1)([O-])=O": [
    1,
    0.40006163716316223
  ],
  "N12CCC[C@H]1C[C@H](C(=O)[O-])CC2": [
    1,
    0.5424192547798157
  ],
  "[C@@H]12C[C@@H](C(=O)[O-])CCN1CCC2": [
    2,
    0.0
  ],
  "C1[C@@H]2C[C@@H](C([O-])=O)CCCN2CC1": [
    1,
    0.238393634557724
  ],
  "C1C[C@H]2CCCN2CC1C([O-])=O": [
    1,
    0.6459861993789673
  ],
  "N12[C@H](C[C@H](C(=O)[O-])CC1)CCC2": [
    1,
    0.5424192547798157
  ],
  "N12CC[C@H](C(=O)[O-])C[C@@H]1CCC2": [
    1,
    0.4098049998283386
  ],
  "C([C@H]1CN2CCC[C@@H]2CCC1)(=O)[O-]": [
    1,
    0.28909966349601746
  ],
  "C1C(C(=O)[O-])CC[C@H]2N(CCC2)C1": [
    1,
    0.3589598834514618
  ],
  "C(=O)([C@H]1C[C@@H]2CCN2CC1)[O-]": [
    1,
    0.49445033073425293
  ],
  "C1[C@H](C(=O)[O-])C[C@H]2CCCCN2C1": [
    1,
    0.16371940076351166
  ],
  "C1CCN2CC[C@@H](C([O-])=O)C[C@H]12": [
    1,
    0.5424192547798157
  ],
  "[C@H]1(C(=O)[O-])CCN2CCC[C@H]2C1": [
    1,
    0.4098049998283386
  ],
  "C1CN2[C@H](CCC2)C[C@@H](C([O-])=O)C1": [
    1,
    0.238393634557724
  ],
  "[C@H]1(C(=O)[O-])C[C@H]2N(CCC2)C1": [
    1,
    0.2067810744047165
  ],
  "[C@H](C(=O)[O-])(c1ccccc1)N1CCSCC1": [
    1,
    0.167427197098732
  ],
  "N12CCCC[C@@H]1CCC2": [
    1,
    0.5402162671089172
  ],
  "[C@@H]1(C([O-])=O)C[C@@H]2CCCCN2CC1": [
    1,
    0.2125501036643982
  ],
  "[C@H]1(C([O-])=O)C[C@@H]2N(CCC1)CCC2": [
    1,
    0.26982685923576355
  ],
  "C1N2[C@@H](CCC[C@@H](C(=O)[O-])C2)CC1": [
    1,
    0.28909966349601746
  ],
  "C([O-])(=O)[C@@H](c1ccccc1)N1CCSCC1": [
    1,
    0.167427197098732
  ],
  "C1[C@H]2N(CCC[C@H](C(=O)[O-])C2)CCC1": [
    1,
    0.244942769408226
  ],
  "[O-]C([C@@H]1C[C@H]2N(C1)CCC2)=O": [
    1,
    0.0
  ],
  "C1CC[C@@H]2N1C[C@@H](C(=O)[O-])CS2": [
    1,
    0.5074095726013184
  ],
  "N12[C@@H](C[C@@H](C([O-])=O)CC1)CCCC2": [
    1,
    0.16371940076351166
  ],
  "C1[C@H](C([O-])=O)C[C@H]2CCCCN2CC1": [
    1,
    0.244942769408226
  ],
  "C1CCN2[C@H]1CCC[C@@H](C([O-])=O)C2": [
    1,
    0.0
  ],
  "N12[C@H](C[C@H](C(=O)[O-])CC1)CC2": [
    1,
    0.49445033073425293
  ],
  "[O-]C(=O)[C@@H]1CCN2CCC[C@H]2S1": [
    1,
    0.3110974133014679
  ],
  "C(=O)([O-])C1CCN2[C@@H](SC1)CCC2": [
    1,
    0.364388644695282
  ],
  "c1(C(=O)[O-])cncc(-c2ccc(C(=O)[O-])cc2)c1": [
    1,
    0.10533607751131058
  ],
  "[C@H]12SCCN1CCCC2": [
    1,
    0.4816098213195801
  ],
  "C1[C@H](C(=O)[O-])C[C@H]2CCN2C1": [
    1,
    0.6738531589508057
  ],
  "N12[C@H](C[C@@H](C(=O)[O-])CC1)CCCC2": [
    1,
    0.2125501036643982
  ],
  "O=C([O-])[C@@H]1CCN2[C@@H](CC2)C1": [
    1,
    0.49445033073425293
  ],
  "[C@H]12C[C@@H](C([O-])=O)CCN1CC2": [
    1,
    0.5800223350524902
  ],
  "[O-]C([C@@H]1C[C@@H]2N(CC1)CC2)=O": [
    1,
    0.6738531589508057
  ],
  "C1N2CCC[C@@H]2C[C@H](C(=O)[O-])C1": [
    1,
    0.40006163716316223
  ],
  "C1N2[C@H](C[C@H](C([O-])=O)CC2)C1": [
    1,
    0.49445033073425293
  ],
  "[C@@H]12C[C@@H](C([O-])=O)CCN1CC2": [
    1,
    0.6738531589508057
  ],
  "C1CN2[C@@H](C[C@@H](C(=O)[O-])CC2)CC1": [
    1,
    0.16371940076351166
  ],
  "C1C[C@H]2N(CC[C@@H](C(=O)[O-])C2)C1": [
    1,
    0.0
  ],
  "C1CN2[C@@H](CCC(C([O-])=O)CC2)C1": [
    1,
    0.20115497708320618
  ],
  "C1[C@H]2C[C@H](C(=O)[O-])CCN2CC1": [
    1,
    0.5424192547798157
  ],
  "C1C[C@H](C(=O)[O-])C[C@@H]2CCCN12": [
    1,
    0.4098049998283386
  ],
  "C([O-])(=O)[C@@H]1CCN2CC[C@H]12": [
    1,
    0.4923015534877777
  ],
  "C1CN2CC[C@H](C([O-])=O)C[C@@H]12": [
    1,
    0.6738531589508057
  ],
  "C1S[C@H]2N(CCCC2)C1": [
    1,
    0.4816098213195801
  ],
  "C1N2CC[C@H]2C[C@@H](C(=O)[O-])C1": [
    1,
    0.5800223350524902
  ]
}