{
  "C1CC([NH2+]Cc2cncn2C2CC2)CCN1C(C)=O": [
    1,
    0.10533607751131058
  ],
  "c1(Cl)ccc(F)c(NC(=O)C(N[C@H](Cn2c[nH+]cc2)C)=O)c1": [
    1,
    0.10533607751131058
  ],
  "n1cccc(-c2cccc(C([O-])=O)c2)c1": [
    1,
    0.10533607751131058
  ],
  "O=C(C(Nc1cc(Cl)ccc1F)=O)N[C@H](Cn1c[nH+]cc1)C": [
    1,
    0.10533607751131058
  ],
  "c1cc(C(=O)[O-])ccc1S(=O)(=O)N[C@H]1C(C)(C)CCC1": [
    1,
    0.10533607751131058
  ],
  "c1(-c2cc(C(=O)[O-])ccc2)cccnc1": [
    1,
    0.10533607751131058
  ],
  "C1CC(NS(=O)(Cc2ccccc2F)=O)CC[NH2+]1": [
    1,
    0.10533607751131058
  ],
  "c1c(C([O-])=O)ccc(S(=O)(N[C@H]2C(C)(C)CCC2)=O)c1": [
    1,
    0.10533607751131058
  ],
  "c1c(Cl)ccc(F)c1NC(=O)C(=O)N[C@@H](C)Cn1cc[nH+]c1": [
    1,
    0.10533607751131058
  ],
  "c1c(S(=O)(=O)N[C@H]2CCCC2(C)C)cncc1C(=O)[O-]": [
    1,
    0.10533607751131058
  ],
  "c1cc(S(=O)(Nc2ccc(Cl)cc2)=O)ccc1C(=O)[O-]": [
    1,
    0.10533607751131058
  ],
  "[O-]C(c1cc2ccccc2c(C(=O)[O-])c1)=O": [
    1,
    0.10533607751131058
  ],
  "[O-]C(c1ccc(S(=O)(=O)N[C@H]2C(C)(C)CCC2)cc1)=O": [
    1,
    0.10533607751131058
  ],
  "C1C[C@H]2N(C1)C[C@H](C(=O)[O-])C2": [
    1,
    0.32592228055000305
  ],
  "c1cc(NS(=O)(=O)c2ccc(C(=O)[O-])cc2)ccc1Cl": [
    1,
    0.10533607751131058
  ],
  "C1C[C@H]2N(C[C@H](C(=O)[O-])C2)C1": [
    1,
    0.32592228055000305
  ],
  "C1C[C@H]2N(C1)C[C@@H](C(=O)[O-])C2": [
    1,
    0.17025983333587646
  ],
  "c1csc(CCC2CC[NH2+]CC2)n1": [
    1,
    0.10533607751131058
  ],
  "[O-]C([C@@H]1C[C@@H]2CCCN2C1)=O": [
    1,
    0.19032174348831177
  ],
  "C1CC[C@@H]2C[C@H](C([O-])=O)CN12": [
    1,
    0.17025983333587646
  ],
  "[O-]C(=O)C1CN2[C@H](C1)CCC2": [
    1,
    0.19566938281059265
  ],
  "O=C([O-])[C@H]1CN2CCC[C@@H]2C1": [
    1,
    0.32592228055000305
  ],
  "C1[NH2+]CCC(CCc2nccs2)C1": [
    1,
    0.10533607751131058
  ],
  "[C@H]12CCCN1C[C@H](C([O-])=O)C2": [
    1,
    0.32592228055000305
  ],
  "C1CC[C@@H]2N1C[C@H](C(=O)[O-])C2": [
    1,
    0.19032174348831177
  ],
  "C1C[C@H]2CC(C([O-])=O)CN2C1": [
    1,
    0.19566938281059265
  ],
  "c1cc(OCCN[C@@H]2CC[NH2+]C2)ccc1F": [
    1,
    0.10533607751131058
  ],
  "N12[C@@H]([C@H](C(=O)[O-])C1)CCC2": [
    1,
    0.5204709768295288
  ],
  "C1[C@@H]2C[C@@H](C(=O)[O-])CN2CC1": [
    1,
    0.0
  ],
  "c1(C([O-])=O)ccc(S(=O)(=O)N[C@H]2C(C)(C)CCC2)cc1": [
    1,
    0.10533607751131058
  ],
  "c1ccc(Cl)c([C@H](C([O-])=O)N2CCOCC2)c1": [
    1,
    0.10533607751131058
  ],
  "c1([N-]S(=O)(=O)c2ccc(C([O-])=O)cc2)ncccc1": [
    1,
    0.10533607751131058
  ],
  "[O-]C(=O)[C@H]1[C@@H]2N(CCC2)C1": [
    1,
    0.5204709768295288
  ],
  "N12[C@H]([C@H](C(=O)[O-])C1)CCC2": [
    1,
    0.38101285696029663
  ],
  "c1(-c2cccnc2)ccc(N(S(=O)(=O)C)CC([O-])=O)cc1": [
    1,
    0.10533607751131058
  ],
  "C1N2CCC[C@@H]2C[C@@H]1C([O-])=O": [
    1,
    0.17025983333587646
  ],
  "[C@H]12CCC[C@H](C([O-])=O)CN1CCC2": [
    1,
    0.22330217063426971
  ],
  "C1CC[C@H]2[C@H](C([O-])=O)CN12": [
    1,
    0.38101285696029663
  ],
  "[C@H]12CCCN1CCC(C(=O)[O-])CC2": [
    1,
    0.44600340723991394
  ],
  "C1C[C@H]2[C@@H](C([O-])=O)CN2C1": [
    1,
    0.26982685923576355
  ],
  "N12[C@@H]([C@@H](C(=O)[O-])C1)CCC2": [
    1,
    0.45634546875953674
  ],
  "C1CN2CC(C(=O)[O-])CC[C@H]2C1": [
    1,
    0.3062746524810791
  ],
  "N12[C@H]([C@H](C([O-])=O)C1)CCC2": [
    1,
    0.38101285696029663
  ],
  "[O-]C(=O)[C@H]1CN2CCC[C@H]21": [
    1,
    0.26982685923576355
  ],
  "C(C1CCN2CCC[C@@H]2C1)([O-])=O": [
    1,
    0.5468295812606812
  ],
  "N12[C@@H]([C@@H](C([O-])=O)C1)CCC2": [
    1,
    0.45634546875953674
  ],
  "c1([N-]S(=O)(c2ccc(C([O-])=O)cc2)=O)ncccc1": [
    1,
    0.10533607751131058
  ],
  "C1CN2[C@H](CC[C@@H](C(=O)[O-])C2)C1": [
    1,
    0.41571861505508423
  ],
  "C1C(C(=O)[O-])CCN2CCC[C@H]12": [
    1,
    0.5468295812606812
  ],
  "C1CC[C@H]2[C@H](C(=O)[O-])CCN12": [
    1,
    0.0
  ],
  "C1N2[C@@H](C[C@H](C(=O)[O-])C2)CC1": [
    1,
    0.0
  ],
  "C1[C@@H]2CCCN2CC1C(=O)[O-]": [
    1,
    0.0
  ],
  "C1[C@H]2CC(C(=O)[O-])CCN2CC1": [
    1,
    0.7865011692047119
  ],
  "C1CCN2[C@H]1[C@@H](C(=O)[O-])C2": [
    1,
    0.45634546875953674
  ],
  "C1[C@@H]2[C@@H](C([O-])=O)CN2CCC1": [
    1,
    0.37541574239730835
  ],
  "C1[C@@H]2CC(C([O-])=O)CCN2CC1": [
    1,
    0.5468295812606812
  ],
  "C(C1C[C@H]2N(CC1)CCC2)([O-])=O": [
    2,
    0.0
  ],
  "C1[C@@H]2[C@@H](C(=O)[O-])CN2CC1": [
    1,
    0.45634546875953674
  ],
  "C(=O)([O-])C1CN2CCC[C@H]2CC1": [
    1,
    0.341279536485672
  ],
  "N12[C@@H](CCC1)CC[C@@H](C(=O)[O-])C2": [
    1,
    0.41571861505508423
  ],
  "C1[C@H]2N(CC1)C[C@H](C([O-])=O)CC2": [
    1,
    0.5074095726013184
  ],
  "[C@H]12[C@H](C([O-])=O)CN1CCC2": [
    1,
    0.38101285696029663
  ],
  "[O-]C(=O)[C@H]1[C@@H]2CCCN2C1": [
    1,
    0.38101285696029663
  ],
  "C1[C@H]2CC(C(=O)[O-])CCN2C1": [
    1,
    0.7388652563095093
  ],
  "[O-]C([C@H]1CN2[C@H](CCC2)C1)=O": [
    1,
    0.0
  ],
  "C(=O)([C@@H]1CN2[C@@H]1CCC2)[O-]": [
    1,
    0.5204709768295288
  ],
  "O=C([O-])C1CCN2CCC[C@@H]2CC1": [
    1,
    0.44600340723991394
  ],
  "[O-]C(=O)[C@@H]1CN2CCC[C@H]2CC1": [
    1,
    0.5424192547798157
  ],
  "O=C([C@@H]1CN2[C@H]1CCC2)[O-]": [
    1,
    0.38101285696029663
  ],
  "[O-]C([C@H]1[C@@H]2N(C1)CCC2)=O": [
    1,
    0.5204709768295288
  ],
  "N12[C@H](CCCC1)CCC(C(=O)[O-])CC2": [
    1,
    0.3225816786289215
  ],
  "[C@@H]12N(CC(C(=O)[O-])CC1)CCC2": [
    1,
    0.341279536485672
  ],
  "C1[C@@H]2N(C[C@H](C(=O)[O-])CC2)CC1": [
    1,
    0.41571861505508423
  ],
  "C1CCN2CCC(C(=O)[O-])CC[C@@H]12": [
    1,
    0.44600340723991394
  ],
  "C1C[C@H]2[C@H](C(=O)[O-])CN2C1": [
    1,
    0.38101285696029663
  ],
  "[C@H]1(C(=O)[O-])[C@H]2CCCN2C1": [
    1,
    0.0
  ],
  "C1CC(C([O-])=O)CCN2[C@@H]1CCC2": [
    1,
    0.44600340723991394
  ],
  "C1CCN2CCC(C(=O)[O-])CC[C@H]2C1": [
    1,
    0.3225816786289215
  ],
  "C1CC(C([O-])=O)C[C@H]2CCN12": [
    2,
    0.3110974133014679
  ],
  "N12[C@H](CCC1)CCC(C([O-])=O)C2": [
    1,
    0.3062746524810791
  ],
  "O=C([C@@H]1CCN2CCC[C@H]2C1)[O-]": [
    1,
    0.26982685923576355
  ],
  "[O-]C(=O)C1CCN2CCC[C@@H]2CC1": [
    1,
    0.44600340723991394
  ],
  "C1(C([O-])=O)C[C@H]2N(CC1)CCC2": [
    1,
    0.7865011692047119
  ],
  "C1CN2C[C@H](C(=O)[O-])[C@@H]2C1": [
    1,
    0.26982685923576355
  ],
  "O=C([O-])C1C[C@H]2CCCN2CC1": [
    1,
    0.5468295812606812
  ],
  "C([C@H]1[C@@H]2N(CCC2)C1)([O-])=O": [
    1,
    0.0
  ],
  "N12[C@H](CCC1)CCC(C([O-])=O)CC2": [
    1,
    0.44600340723991394
  ],
  "C1CC[C@@H]2[C@@H](C(=O)[O-])CN12": [
    1,
    0.45634546875953674
  ],
  "C1CC[C@@H]2N1CCC(C(=O)[O-])CC2": [
    1,
    0.6241775155067444
  ],
  "[C@@H]12CCCCN1C[C@@H]2C(=O)[O-]": [
    1,
    0.30948320031166077
  ],
  "C1CN2CCC(C(=O)[O-])C[C@@H]12": [
    1,
    0.3110974133014679
  ],
  "C1CN2CCC(C([O-])=O)C[C@@H]12": [
    1,
    0.3110974133014679
  ],
  "[O-]C(C1CCN2CCC[C@@H]2C1)=O": [
    1,
    0.0
  ],
  "C1CC[C@H]2[C@@H](C(=O)[O-])CN12": [
    1,
    0.0
  ],
  "C1C(C([O-])=O)CCN2[C@@H](C1)CCCC2": [
    1,
    0.3225816786289215
  ],
  "C1N2CCC[C@@H]2CCC(C([O-])=O)CC1": [
    1,
    0.39620453119277954
  ],
  "C1CC(C([O-])=O)CCN2CCC[C@@H]12": [
    1,
    0.6241775155067444
  ],
  "C1C[C@@H]2N(C1)C[C@H]2C(=O)[O-]": [
    1,
    0.0
  ],
  "C1CCC(C([O-])=O)C[C@@H]2CCCN12": [
    1,
    0.4317265450954437
  ],
  "C1CC(C(=O)[O-])C[C@H]2N1CC2": [
    1,
    0.7388652563095093
  ],
  "C1N2[C@@H](CC1)[C@H](C(=O)[O-])C2": [
    1,
    0.0
  ],
  "C1CN2[C@H](CCC1)CCC(C(=O)[O-])C2": [
    1,
    0.2319989800453186
  ],
  "C1CC(C([O-])=O)CC[C@H]2N1CC2": [
    1,
    0.2952527403831482
  ],
  "C1[C@H]2[C@@H](C(=O)[O-])CN2CCC1": [
    1,
    0.30948320031166077
  ],
  "C1N2[C@@H](CC1)CC(C(=O)[O-])CCC2": [
    1,
    0.4317265450954437
  ],
  "C1C(C([O-])=O)CCN2CCC[C@@H]2C1": [
    1,
    0.44600340723991394
  ],
  "C1CN2[C@H](CC1)CCC(C(=O)[O-])C2": [
    1,
    0.3395470380783081
  ],