{
  "C1CC([NH2+]Cc2cncn2C2CC2)CCN1C(C)=O": [
    1,
    0.10533607751131058
  ],
  "c1(Cl)ccc(F)c(NC(=O)C(N[C@H](Cn2c[nH+]cc2)C)=O)c1": [
    1,
    0.10533607751131058
  ],
  "n1cccc(-c2cccc(C([O-])=O)c2)c1": [
    1,
    0.10533607751131058
  ],
  "[O-]C(=O)c1ccc(S(=O)(N[C@@H]2CCCC2(C)C)=O)cc1": [
    1,
    0.10533607751131058
  ],
  "CC(C1=[NH+]CCN1)(C)C": [
    1,
    0.10533607751131058
  ],
  "c1c(OCC(=O)N2CC[NH2+]CC2)cc(Cl)cc1": [
    1,
    0.10533607751131058
  ],
  "O(c1cc(Cl)ccc1)CC(N1CC[NH2+]CC1)=O": [
    1,
    0.10533607751131058
  ],
  "c1ccc(NC(=O)CSC2=[NH+]CCN2)cc1Cl": [
    1,
    0.10533607751131058
  ],
  "c1(C[NH2+]C2CCN(C(=O)C)CC2)n(C2CC2)cnc1": [
    1,
    0.10533607751131058
  ],
  "C(=O)(N(C)CC1CC[NH2+]CC1)N1CC[NH2+]CC1": [
    1,
    0.10533607751131058
  ],
  "c1n(Cc2c(Cl)cccc2)c(C[NH2+]C)cn1": [
    1,
    0.10533607751131058
  ],
  "n1(-c2nccc(C([O-])=O)c2)c(SC)ncc1": [
    1,
    0.10533607751131058
  ],
  "c1(F)cccc(NC(=O)CSC2=[NH+]CCN2)c1": [
    1,
    0.10533607751131058
  ],
  "C1N(c2c(Cl)ccc(C)c2)CCC([NH3+])C1": [
    1,
    0.10533607751131058
  ],
  "n1(Cc2c(Cl)cccc2)cncc1C[NH2+]C": [
    1,
    0.10533607751131058
  ],
  "c1cc(S(=O)([N-]c2cccnc2C)=O)ccc1C([O-])=O": [
    1,
    0.10533607751131058
  ],
  "[C@H]12CCCN1C[C@H](O)C2": [
    1,
    0.36076316237449646
  ],
  "[C@@H]1(O)CC[C@H]2N(CCC2)C1": [
    1,
    0.31597965955734253
  ],
  "c1c(C[NH2+]Cc2ccc(F)cc2)ccc(Cl)c1": [
    1,
    0.10533607751131058
  ],
  "C1CCN2[C@H]1C[C@@H](O)C2": [
    1,
    0.36076316237449646
  ],
  "C1[C@@H]2C[C@H](O)CN2CC1": [
    1,
    0.35537245869636536
  ],
  "C1N2[C@@H](C[C@@H](O)C2)CC1": [
    1,
    0.36076316237449646
  ],
  "C1C[C@@H]2N(C1)C[C@H](O)C2": [
    1,
    0.6717333793640137
  ]
}